RubberBand,Meas_1,Meas_2,Meas_3,Avg
1,11.5,11,11,11.16666667
2,14.5,14,13.5,14
3,17.5,17,17,17.16666667
4,20,19.5,20.5,20
5,23,24,23,23.33333333
6,27.5,27,27,27.16666667
7,34,36,37,35.66666667
8,38,39,37,38
9,40,43,42,41.66666667
10,46,48,49,47.66666667
14,60,59,60,59.66666667
